{"0.0": {"obj": 178.59513109926215, "theta": {"fs.econ.fcorrection_dp_shell": -0.7989794944514491, "fs.econ.fcorrection_dp_tube": 0.989998063932658, "fs.econ.fcorrection_htc": 1.325122950530284}}, "1.0": {"obj": 54.69636381017666, "theta": {"fs.econ.fcorrection_dp_shell": 0.9358594763370965, "fs.econ.fcorrection_dp_tube": 1.0266714838301763, "fs.econ.fcorrection_htc": 1.491497803789623}}, "2.0": {"obj": 2.899611787333642, "theta": {"fs.econ.fcorrection_dp_shell": 0.5787793391135309, "fs.econ.fcorrection_dp_tube": 0.9748122496695127, "fs.econ.fcorrection_htc": 1.496981821576463}}, "3.0": {"obj": 66.4389030353446, "theta": {"fs.econ.fcorrection_dp_shell": 0.8595394510588616, "fs.econ.fcorrection_dp_tube": 0.9981129558865275, "fs.econ.fcorrection_htc": 1.4178596771429535}}, "4.0": {"obj": 84.49063381926847, "theta": {"fs.econ.fcorrection_dp_shell": -0.615580908473992, "fs.econ.fcorrection_dp_tube": 1.0618499126610867, "fs.econ.fcorrection_htc": 1.4976038539649483}}, "5.0": {"obj": 3.983153617023867, "theta": {"fs.econ.fcorrection_dp_shell": -0.6978799564241902, "fs.econ.fcorrection_dp_tube": 1.014701660454038, "fs.econ.fcorrection_htc": 1.5553414697580437}}, "6.0": {"obj": 97.66606487160944, "theta": {"fs.econ.fcorrection_dp_shell": 0.7039653122619949, "fs.econ.fcorrection_dp_tube": 1.0024574787332565, "fs.econ.fcorrection_htc": 1.4754579774027585}}, "7.0": {"obj": 36.591856335530515, "theta": {"fs.econ.fcorrection_dp_shell": -1.8058942977877432, "fs.econ.fcorrection_dp_tube": 0.9900671546552418, "fs.econ.fcorrection_htc": 1.4538902267307696}}, "8.0": {"obj": 28.818602396644142, "theta": {"fs.econ.fcorrection_dp_shell": -1.3064554149866046, "fs.econ.fcorrection_dp_tube": 0.975407685268523, "fs.econ.fcorrection_htc": 1.4712209291739022}}, "9.0": {"obj": 3.9462560905179616, "theta": {"fs.econ.fcorrection_dp_shell": 1.7733311530001437, "fs.econ.fcorrection_dp_tube": 1.0335935303499053, "fs.econ.fcorrection_htc": 1.5401112937245598}}, "10.0": {"obj": 47.46858309016889, "theta": {"fs.econ.fcorrection_dp_shell": 2.8151836571719087, "fs.econ.fcorrection_dp_tube": 1.0191306300489769, "fs.econ.fcorrection_htc": 1.4973751276021163}}, "11.0": {"obj": 151.96483502586523, "theta": {"fs.econ.fcorrection_dp_shell": -0.14551345586546593, "fs.econ.fcorrection_dp_tube": 0.988508371270579, "fs.econ.fcorrection_htc": 1.4700879741641895}}, "12.0": {"obj": 29.36496789049151, "theta": {"fs.econ.fcorrection_dp_shell": -3.2696965486784197, "fs.econ.fcorrection_dp_tube": 1.0114376359860167, "fs.econ.fcorrection_htc": 1.3826835105987418}}, "13.0": {"obj": 297.1986882855209, "theta": {"fs.econ.fcorrection_dp_shell": 2.76003693469656, "fs.econ.fcorrection_dp_tube": 0.9860917600807166, "fs.econ.fcorrection_htc": 1.3376850660442348}}, "14.0": {"obj": 147.19893698821372, "theta": {"fs.econ.fcorrection_dp_shell": 5.343922334064972, "fs.econ.fcorrection_dp_tube": 0.9907802913786468, "fs.econ.fcorrection_htc": 1.4050087886547227}}, "15.0": {"obj": 3.036769720054607, "theta": {"fs.econ.fcorrection_dp_shell": 2.233951923598019, "fs.econ.fcorrection_dp_tube": 1.018195662926029, "fs.econ.fcorrection_htc": 1.5347483511661106}}, "16.0": {"obj": 16.841378044331215, "theta": {"fs.econ.fcorrection_dp_shell": -3.3038487539282317, "fs.econ.fcorrection_dp_tube": 0.9694173791264777, "fs.econ.fcorrection_htc": 1.651153851172584}}, "17.0": {"obj": 114.45619327614854, "theta": {"fs.econ.fcorrection_dp_shell": -1.8565480823220168, "fs.econ.fcorrection_dp_tube": 0.9989341595042533, "fs.econ.fcorrection_htc": 1.5493146960949276}}, "18.0": {"obj": 142.47225830459703, "theta": {"fs.econ.fcorrection_dp_shell": 1.8419350816266886, "fs.econ.fcorrection_dp_tube": 0.9943271632263988, "fs.econ.fcorrection_htc": 1.4268120549169654}}, "19.0": {"obj": 98.92558191160991, "theta": {"fs.econ.fcorrection_dp_shell": 5.636089570432086, "fs.econ.fcorrection_dp_tube": 1.0004169530193994, "fs.econ.fcorrection_htc": 1.4528595343583994}}, "20.0": {"obj": 140.47328959811878, "theta": {"fs.econ.fcorrection_dp_shell": 2.5001479850121107, "fs.econ.fcorrection_dp_tube": 0.956188121699504, "fs.econ.fcorrection_htc": 1.3856528871134441}}, "21.0": {"obj": 76.58181745828001, "theta": {"fs.econ.fcorrection_dp_shell": -2.6848081899107656, "fs.econ.fcorrection_dp_tube": 1.0183711723167508, "fs.econ.fcorrection_htc": 1.478934696756555}}, "22.0": {"obj": 159.72684701235292, "theta": {"fs.econ.fcorrection_dp_shell": 3.7501141973849887, "fs.econ.fcorrection_dp_tube": 0.9785240174190952, "fs.econ.fcorrection_htc": 1.4322315368316338}}, "23.0": {"obj": 120.15524268011342, "theta": {"fs.econ.fcorrection_dp_shell": 1.2033935353746417, "fs.econ.fcorrection_dp_tube": 1.0007516238569956, "fs.econ.fcorrection_htc": 1.3795130252351948}}, "24.0": {"obj": 72.57417913135882, "theta": {"fs.econ.fcorrection_dp_shell": 0.9653733666647053, "fs.econ.fcorrection_dp_tube": 0.9887027394807081, "fs.econ.fcorrection_htc": 1.424134841622384}}}